Trafikkregistreringspunkt;Navn;Vegreferanse;Fra;Til;ar;Beregningsmetode;Trafikkmengde;Konfidensintervall start;Konfidensintervall slutt;Dekningsgrad (%);Antall enheter total;Antall enheter inkludert;Antall enheter ugyldig;Ikke gyldig lengde;Lengdekvalitetsgrad (%);Felt;< 5,6m;>= 5,6m;5,6m - 7,6m;7,6m - 12,5m;12,5m - 16,0m;>= 16,0m;16,0m - 24,0m;>= 24,0m
25694V2370584;Karmoytunnelen Hellevik;FV554 S1D1 m634;2014-01-01T00:00+01:00;2015-01-01T00:00+01:00;2014;Basiskurve (enhet = timer);119;-;-;-;-;-;-;-;-;1;114;5;2;2;0;0;-;-
25694V2370584;Karmoytunnelen Hellevik;FV554 S1D1 m634;2014-01-01T00:00+01:00;2015-01-01T00:00+01:00;2014;Basiskurve (enhet = timer);1923;-;-;-;-;-;-;-;-;2;1760;163;55;61;11;36;-;-
25694V2370584;Karmoytunnelen Hellevik;FV554 S1D1 m634;2014-01-01T00:00+01:00;2015-01-01T00:00+01:00;2014;Basiskurve (enhet = timer);1879;-;-;-;-;-;-;-;-;3;1706;173;57;68;12;36;-;-
25694V2370584;Karmoytunnelen Hellevik;FV554 S1D1 m634;2014-01-01T00:00+01:00;2015-01-01T00:00+01:00;2014;Basiskurve (enhet = timer);1923;-;-;-;-;-;-;-;-;Totalt i retning Karmoy;1760;163;55;61;11;36;-;-
25694V2370584;Karmoytunnelen Hellevik;FV554 S1D1 m634;2014-01-01T00:00+01:00;2015-01-01T00:00+01:00;2014;Basiskurve (enhet = timer);1998;-;-;-;-;-;-;-;-;Totalt i retning Raglamyr;1820;178;60;70;13;36;-;-
25694V2370584;Karmoytunnelen Hellevik;FV554 S1D1 m634;2014-01-01T00:00+01:00;2015-01-01T00:00+01:00;2014;Basiskurve (enhet = timer);3921;-;-;-;-;-;-;-;-;Totalt;3580;341;115;131;23;72;-;-
25694V2370584;Karmoytunnelen Hellevik;FV554 S1D1 m634;2015-01-01T00:00+01:00;2016-01-01T00:00+01:00;2015;Basiskurve (enhet = timer);119;-;-;-;-;-;-;-;-;1;114;5;2;2;0;0;-;-
25694V2370584;Karmoytunnelen Hellevik;FV554 S1D1 m634;2015-01-01T00:00+01:00;2016-01-01T00:00+01:00;2015;Basiskurve (enhet = timer);2085;-;-;-;-;-;-;-;-;2;1887;197;60;78;12;47;-;-
25694V2370584;Karmoytunnelen Hellevik;FV554 S1D1 m634;2015-01-01T00:00+01:00;2016-01-01T00:00+01:00;2015;Basiskurve (enhet = timer);1973;-;-;-;-;-;-;-;-;3;1770;203;59;80;14;50;-;-
25694V2370584;Karmoytunnelen Hellevik;FV554 S1D1 m634;2015-01-01T00:00+01:00;2016-01-01T00:00+01:00;2015;Basiskurve (enhet = timer);2085;-;-;-;-;-;-;-;-;Totalt i retning Karmoy;1887;197;60;78;12;47;-;-
25694V2370584;Karmoytunnelen Hellevik;FV554 S1D1 m634;2015-01-01T00:00+01:00;2016-01-01T00:00+01:00;2015;Basiskurve (enhet = timer);2092;-;-;-;-;-;-;-;-;Totalt i retning Raglamyr;1884;208;62;82;14;50;-;-
25694V2370584;Karmoytunnelen Hellevik;FV554 S1D1 m634;2015-01-01T00:00+01:00;2016-01-01T00:00+01:00;2015;Basiskurve (enhet = timer);4177;-;-;-;-;-;-;-;-;Totalt;3772;405;121;159;27;98;-;-
25694V2370584;Karmoytunnelen Hellevik;FV554 S1D1 m634;2016-01-01T00:00+01:00;2017-01-01T00:00+01:00;2016;Basiskurve (enhet = timer);147;-;-;-;-;-;-;-;-;1;142;5;3;2;0;0;-;-
25694V2370584;Karmoytunnelen Hellevik;FV554 S1D1 m634;2016-01-01T00:00+01:00;2017-01-01T00:00+01:00;2016;Basiskurve (enhet = timer);2306;-;-;-;-;-;-;-;-;2;2118;188;67;75;13;34;-;-
25694V2370584;Karmoytunnelen Hellevik;FV554 S1D1 m634;2016-01-01T00:00+01:00;2017-01-01T00:00+01:00;2016;Basiskurve (enhet = timer);2160;-;-;-;-;-;-;-;-;3;1967;193;69;75;14;35;-;-
25694V2370584;Karmoytunnelen Hellevik;FV554 S1D1 m634;2016-01-01T00:00+01:00;2017-01-01T00:00+01:00;2016;Basiskurve (enhet = timer);2306;-;-;-;-;-;-;-;-;Totalt i retning Karmoy;2118;188;67;75;13;34;-;-
25694V2370584;Karmoytunnelen Hellevik;FV554 S1D1 m634;2016-01-01T00:00+01:00;2017-01-01T00:00+01:00;2016;Basiskurve (enhet = timer);2307;-;-;-;-;-;-;-;-;Totalt i retning Raglamyr;2109;198;72;77;15;35;-;-
25694V2370584;Karmoytunnelen Hellevik;FV554 S1D1 m634;2016-01-01T00:00+01:00;2017-01-01T00:00+01:00;2016;Basiskurve (enhet = timer);4614;-;-;-;-;-;-;-;-;Totalt;4227;387;139;152;28;69;-;-
25694V2370584;Karmoytunnelen Hellevik;FV554 S1D1 m634;2017-01-01T00:00+01:00;2018-01-01T00:00+01:00;2017;Basiskurve (enhet = timer);128;-;-;-;-;-;-;-;-;1;124;5;2;2;0;0;-;-
25694V2370584;Karmoytunnelen Hellevik;FV554 S1D1 m634;2017-01-01T00:00+01:00;2018-01-01T00:00+01:00;2017;Basiskurve (enhet = timer);2258;-;-;-;-;-;-;-;-;2;2067;190;69;73;13;36;-;-
25694V2370584;Karmoytunnelen Hellevik;FV554 S1D1 m634;2017-01-01T00:00+01:00;2018-01-01T00:00+01:00;2017;Basiskurve (enhet = timer);2101;-;-;-;-;-;-;-;-;3;1905;197;72;74;15;35;-;-
25694V2370584;Karmoytunnelen Hellevik;FV554 S1D1 m634;2017-01-01T00:00+01:00;2018-01-01T00:00+01:00;2017;Basiskurve (enhet = timer);2258;-;-;-;-;-;-;-;-;Totalt i retning Karmoy;2067;190;69;73;13;36;-;-
25694V2370584;Karmoytunnelen Hellevik;FV554 S1D1 m634;2017-01-01T00:00+01:00;2018-01-01T00:00+01:00;2017;Basiskurve (enhet = timer);2230;-;-;-;-;-;-;-;-;Totalt i retning Raglamyr;2028;201;74;76;16;36;-;-
25694V2370584;Karmoytunnelen Hellevik;FV554 S1D1 m634;2017-01-01T00:00+01:00;2018-01-01T00:00+01:00;2017;Basiskurve (enhet = timer);4487;-;-;-;-;-;-;-;-;Totalt;4096;392;142;149;29;72;-;-
25694V2370584;Karmoytunnelen Hellevik;FV554 S1D1 m634;2018-01-01T00:00+01:00;2019-01-01T00:00+01:00;2018;Gjennomsnitt (enhet = dogn);158;157;159;99,7;365;364;1;0;100;1;153;5;3;2;0;0;0;0
25694V2370584;Karmoytunnelen Hellevik;FV554 S1D1 m634;2018-01-01T00:00+01:00;2019-01-01T00:00+01:00;2018;Gjennomsnitt (enhet = dogn);2356;2351;2361;99,7;365;364;1;0;100;2;2114;241;105;83;14;40;40;0
25694V2370584;Karmoytunnelen Hellevik;FV554 S1D1 m634;2018-01-01T00:00+01:00;2019-01-01T00:00+01:00;2018;Gjennomsnitt (enhet = dogn);2189;2185;2193;99,7;365;364;1;0;100;3;1944;245;104;85;16;40;40;0
25694V2370584;Karmoytunnelen Hellevik;FV554 S1D1 m634;2018-01-01T00:00+01:00;2019-01-01T00:00+01:00;2018;Gjennomsnitt (enhet = dogn);2356;2351;2361;99,7;365;364;1;0;100;Totalt i retning Karmoy;2114;241;105;84;14;40;40;0
25694V2370584;Karmoytunnelen Hellevik;FV554 S1D1 m634;2018-01-01T00:00+01:00;2019-01-01T00:00+01:00;2018;Gjennomsnitt (enhet = dogn);2347;2342;2352;99,7;365;364;1;0;100;Totalt i retning Raglamyr;2097;250;107;86;16;40;40;0
25694V2370584;Karmoytunnelen Hellevik;FV554 S1D1 m634;2018-01-01T00:00+01:00;2019-01-01T00:00+01:00;2018;Gjennomsnitt (enhet = dogn);4703;4694;4712;99,7;365;364;1;0;100;Totalt;4211;491;212;170;30;80;80;0
25694V2370584;Karmoytunnelen Hellevik;FV554 S1D1 m634;2019-01-01T00:00+01:00;2020-01-01T00:00+01:00;2019;Gjennomsnitt (enhet = dogn);140;140;140;100;365;365;0;0;100;1;135;4;3;1;0;0;0;0
25694V2370584;Karmoytunnelen Hellevik;FV554 S1D1 m634;2019-01-01T00:00+01:00;2020-01-01T00:00+01:00;2019;Gjennomsnitt (enhet = dogn);2210;2210;2210;100;365;365;0;0;100;2;1977;233;93;85;13;42;42;0
25694V2370584;Karmoytunnelen Hellevik;FV554 S1D1 m634;2019-01-01T00:00+01:00;2020-01-01T00:00+01:00;2019;Gjennomsnitt (enhet = dogn);2062;2062;2062;100;365;365;0;0;100;3;1825;237;93;86;16;42;42;0
25694V2370584;Karmoytunnelen Hellevik;FV554 S1D1 m634;2019-01-01T00:00+01:00;2020-01-01T00:00+01:00;2019;Gjennomsnitt (enhet = dogn);2210;2210;2210;100;365;365;0;0;100;Totalt i retning Karmoy;1977;233;93;85;13;42;42;0
25694V2370584;Karmoytunnelen Hellevik;FV554 S1D1 m634;2019-01-01T00:00+01:00;2020-01-01T00:00+01:00;2019;Gjennomsnitt (enhet = dogn);2201;2201;2201;100;365;365;0;0;100;Totalt i retning Raglamyr;1960;241;95;88;16;42;42;0
25694V2370584;Karmoytunnelen Hellevik;FV554 S1D1 m634;2019-01-01T00:00+01:00;2020-01-01T00:00+01:00;2019;Gjennomsnitt (enhet = dogn);4412;4412;4412;100;365;365;0;1;100;Totalt;3937;474;188;173;30;84;84;0
25694V2370584;Karmoytunnelen Hellevik;FV554 S1D1 m634;2020-01-01T00:00+01:00;2021-01-01T00:00+01:00;2020;Gjennomsnitt (enhet = dogn);131;131;131;100;366;366;0;0;100;1;127;5;2;2;0;0;0;0
25694V2370584;Karmoytunnelen Hellevik;FV554 S1D1 m634;2020-01-01T00:00+01:00;2021-01-01T00:00+01:00;2020;Gjennomsnitt (enhet = dogn);2105;2105;2105;100;366;366;0;0;100;2;1862;243;90;88;15;50;50;0
25694V2370584;Karmoytunnelen Hellevik;FV554 S1D1 m634;2020-01-01T00:00+01:00;2021-01-01T00:00+01:00;2020;Gjennomsnitt (enhet = dogn);1953;1953;1953;100;366;366;0;0;100;3;1711;242;89;90;15;47;47;0
25694V2370584;Karmoytunnelen Hellevik;FV554 S1D1 m634;2020-01-01T00:00+01:00;2021-01-01T00:00+01:00;2020;Gjennomsnitt (enhet = dogn);2106;2106;2106;100;366;366;0;0;100;Totalt i retning Karmoy;1863;243;90;88;15;50;50;0
25694V2370584;Karmoytunnelen Hellevik;FV554 S1D1 m634;2020-01-01T00:00+01:00;2021-01-01T00:00+01:00;2020;Gjennomsnitt (enhet = dogn);2084;2084;2084;100;366;366;0;0;100;Totalt i retning Raglamyr;1837;247;91;92;16;48;48;0
25694V2370584;Karmoytunnelen Hellevik;FV554 S1D1 m634;2020-01-01T00:00+01:00;2021-01-01T00:00+01:00;2020;Gjennomsnitt (enhet = dogn);4190;4190;4190;100;366;366;0;0;100;Totalt;3700;490;181;180;31;98;98;0
25694V2370584;Karmoytunnelen Hellevik;FV554 S1D1 m634;2021-01-01T00:00+01:00;2022-01-01T00:00+01:00;2021;Gjennomsnitt (enhet = dogn);135;135;135;100;365;365;0;0;100;1;130;4;2;2;0;0;0;0
25694V2370584;Karmoytunnelen Hellevik;FV554 S1D1 m634;2021-01-01T00:00+01:00;2022-01-01T00:00+01:00;2021;Gjennomsnitt (enhet = dogn);2229;2229;2229;100;365;365;0;0;100;2;1979;250;91;93;17;49;49;0
25694V2370584;Karmoytunnelen Hellevik;FV554 S1D1 m634;2021-01-01T00:00+01:00;2022-01-01T00:00+01:00;2021;Gjennomsnitt (enhet = dogn);2059;2059;2059;100;365;365;0;1;100;3;1811;248;90;94;16;47;47;0
25694V2370584;Karmoytunnelen Hellevik;FV554 S1D1 m634;2021-01-01T00:00+01:00;2022-01-01T00:00+01:00;2021;Gjennomsnitt (enhet = dogn);2230;2230;2230;100;365;365;0;1;100;Totalt i retning Karmoy;1979;250;91;93;17;49;49;0
25694V2370584;Karmoytunnelen Hellevik;FV554 S1D1 m634;2021-01-01T00:00+01:00;2022-01-01T00:00+01:00;2021;Gjennomsnitt (enhet = dogn);2193;2193;2193;100;365;365;0;0;100;Totalt i retning Raglamyr;1941;252;92;96;16;48;48;0
25694V2370584;Karmoytunnelen Hellevik;FV554 S1D1 m634;2021-01-01T00:00+01:00;2022-01-01T00:00+01:00;2021;Gjennomsnitt (enhet = dogn);4423;4423;4423;100;365;365;0;1;100;Totalt;3920;502;183;189;33;97;97;0
25694V2370584;Karmoytunnelen Hellevik;FV554 S1D1 m634;2022-01-01T00:00+01:00;2023-01-01T00:00+01:00;2022;Gjennomsnitt (enhet = dogn);146;146;146;100;365;365;0;0;100;1;142;4;2;2;0;0;0;0
25694V2370584;Karmoytunnelen Hellevik;FV554 S1D1 m634;2022-01-01T00:00+01:00;2023-01-01T00:00+01:00;2022;Gjennomsnitt (enhet = dogn);2447;2447;2447;100;365;365;0;1;100;2;2192;255;94;93;19;48;48;0
25694V2370584;Karmoytunnelen Hellevik;FV554 S1D1 m634;2022-01-01T00:00+01:00;2023-01-01T00:00+01:00;2022;Gjennomsnitt (enhet = dogn);2247;2247;2247;100;365;365;0;0;100;3;1996;251;94;92;18;46;46;0
25694V2370584;Karmoytunnelen Hellevik;FV554 S1D1 m634;2022-01-01T00:00+01:00;2023-01-01T00:00+01:00;2022;Gjennomsnitt (enhet = dogn);2447;2447;2447;100;365;365;0;0;100;Totalt i retning Karmoy;2192;255;94;93;19;48;48;0
25694V2370584;Karmoytunnelen Hellevik;FV554 S1D1 m634;2022-01-01T00:00+01:00;2023-01-01T00:00+01:00;2022;Gjennomsnitt (enhet = dogn);2393;2393;2393;100;365;365;0;0;100;Totalt i retning Raglamyr;2138;255;96;94;18;47;47;0
25694V2370584;Karmoytunnelen Hellevik;FV554 S1D1 m634;2022-01-01T00:00+01:00;2023-01-01T00:00+01:00;2022;Gjennomsnitt (enhet = dogn);4840;4840;4840;100;365;365;0;1;100;Totalt;4329;510;191;187;37;95;94;1
25694V2370584;Karmoytunnelen Hellevik;FV554 S1D1 m634;2023-01-01T00:00+01:00;2024-01-01T00:00+01:00;2023;Gjennomsnitt (enhet = dogn);173;173;173;100;365;365;0;0;100;1;168;5;2;2;0;0;0;0
25694V2370584;Karmoytunnelen Hellevik;FV554 S1D1 m634;2023-01-01T00:00+01:00;2024-01-01T00:00+01:00;2023;Gjennomsnitt (enhet = dogn);2636;2636;2636;100;365;365;0;0;100;2;2362;274;103;101;22;49;48;1
25694V2370584;Karmoytunnelen Hellevik;FV554 S1D1 m634;2023-01-01T00:00+01:00;2024-01-01T00:00+01:00;2023;Gjennomsnitt (enhet = dogn);2398;2398;2398;100;365;365;0;0;100;3;2130;268;100;101;19;48;47;1
25694V2370584;Karmoytunnelen Hellevik;FV554 S1D1 m634;2023-01-01T00:00+01:00;2024-01-01T00:00+01:00;2023;Gjennomsnitt (enhet = dogn);2637;2637;2637;100;365;365;0;1;100;Totalt i retning Karmoy;2362;274;103;101;22;49;48;1
25694V2370584;Karmoytunnelen Hellevik;FV554 S1D1 m634;2023-01-01T00:00+01:00;2024-01-01T00:00+01:00;2023;Gjennomsnitt (enhet = dogn);2571;2571;2571;100;365;365;0;0;100;Totalt i retning Raglamyr;2298;273;103;102;20;49;48;1
25694V2370584;Karmoytunnelen Hellevik;FV554 S1D1 m634;2023-01-01T00:00+01:00;2024-01-01T00:00+01:00;2023;Gjennomsnitt (enhet = dogn);5208;5208;5208;100;365;365;0;1;100;Totalt;4660;547;205;204;41;97;95;2
30193V2370595;Karmoytunnelen Mjasund;FV553 S1D1 m2782;2014-01-01T00:00+01:00;2015-01-01T00:00+01:00;2014;Basiskurve (enhet = timer);1802;-;-;-;-;-;-;-;-;1;1572;230;79;73;20;58;-;-
30193V2370595;Karmoytunnelen Mjasund;FV553 S1D1 m2782;2014-01-01T00:00+01:00;2015-01-01T00:00+01:00;2014;Basiskurve (enhet = timer);122;-;-;-;-;-;-;-;-;2;115;7;3;2;1;1;-;-
30193V2370595;Karmoytunnelen Mjasund;FV553 S1D1 m2782;2014-01-01T00:00+01:00;2015-01-01T00:00+01:00;2014;Basiskurve (enhet = timer);1653;-;-;-;-;-;-;-;-;4;1426;228;75;70;19;63;-;-
30193V2370595;Karmoytunnelen Mjasund;FV553 S1D1 m2782;2014-01-01T00:00+01:00;2015-01-01T00:00+01:00;2014;Basiskurve (enhet = timer);1802;-;-;-;-;-;-;-;-;Totalt i retning Karmoy;1572;230;79;73;20;58;-;-
30193V2370595;Karmoytunnelen Mjasund;FV553 S1D1 m2782;2014-01-01T00:00+01:00;2015-01-01T00:00+01:00;2014;Basiskurve (enhet = timer);1775;-;-;-;-;-;-;-;-;Totalt i retning Mjasund;1541;234;78;72;20;64;-;-
30193V2370595;Karmoytunnelen Mjasund;FV553 S1D1 m2782;2014-01-01T00:00+01:00;2015-01-01T00:00+01:00;2014;Basiskurve (enhet = timer);3577;-;-;-;-;-;-;-;-;Totalt;3113;464;157;146;39;122;-;-
30193V2370595;Karmoytunnelen Mjasund;FV553 S1D1 m2782;2015-01-01T00:00+01:00;2016-01-01T00:00+01:00;2015;Basiskurve (enhet = timer);2043;-;-;-;-;-;-;-;-;1;1727;316;92;104;26;94;-;-
30193V2370595;Karmoytunnelen Mjasund;FV553 S1D1 m2782;2015-01-01T00:00+01:00;2016-01-01T00:00+01:00;2015;Basiskurve (enhet = timer);169;-;-;-;-;-;-;-;-;2;158;11;4;4;1;2;-;-
30193V2370595;Karmoytunnelen Mjasund;FV553 S1D1 m2782;2015-01-01T00:00+01:00;2016-01-01T00:00+01:00;2015;Basiskurve (enhet = timer);1878;-;-;-;-;-;-;-;-;4;1572;306;85;101;25;94;-;-
30193V2370595;Karmoytunnelen Mjasund;FV553 S1D1 m2782;2015-01-01T00:00+01:00;2016-01-01T00:00+01:00;2015;Basiskurve (enhet = timer);2043;-;-;-;-;-;-;-;-;Totalt i retning Karmoy;1727;316;92;104;26;94;-;-
30193V2370595;Karmoytunnelen Mjasund;FV553 S1D1 m2782;2015-01-01T00:00+01:00;2016-01-01T00:00+01:00;2015;Basiskurve (enhet = timer);2047;-;-;-;-;-;-;-;-;Totalt i retning Mjasund;1731;316;89;105;26;96;-;-
30193V2370595;Karmoytunnelen Mjasund;FV553 S1D1 m2782;2015-01-01T00:00+01:00;2016-01-01T00:00+01:00;2015;Basiskurve (enhet = timer);4090;-;-;-;-;-;-;-;-;Totalt;3458;632;181;209;52;190;-;-
30193V2370595;Karmoytunnelen Mjasund;FV553 S1D1 m2782;2016-01-01T00:00+01:00;2017-01-01T00:00+01:00;2016;Basiskurve (enhet = timer);2087;-;-;-;-;-;-;-;-;1;1799;289;97;94;26;72;-;-
30193V2370595;Karmoytunnelen Mjasund;FV553 S1D1 m2782;2016-01-01T00:00+01:00;2017-01-01T00:00+01:00;2016;Basiskurve (enhet = timer);170;-;-;-;-;-;-;-;-;2;161;9;4;3;1;1;-;-
30193V2370595;Karmoytunnelen Mjasund;FV553 S1D1 m2782;2016-01-01T00:00+01:00;2017-01-01T00:00+01:00;2016;Basiskurve (enhet = timer);1935;-;-;-;-;-;-;-;-;4;1651;285;89;93;25;78;-;-
30193V2370595;Karmoytunnelen Mjasund;FV553 S1D1 m2782;2016-01-01T00:00+01:00;2017-01-01T00:00+01:00;2016;Basiskurve (enhet = timer);2087;-;-;-;-;-;-;-;-;Totalt i retning Karmoy;1799;289;97;94;26;72;-;-
30193V2370595;Karmoytunnelen Mjasund;FV553 S1D1 m2782;2016-01-01T00:00+01:00;2017-01-01T00:00+01:00;2016;Basiskurve (enhet = timer);2105;-;-;-;-;-;-;-;-;Totalt i retning Mjasund;1812;294;92;96;26;80;-;-
30193V2370595;Karmoytunnelen Mjasund;FV553 S1D1 m2782;2016-01-01T00:00+01:00;2017-01-01T00:00+01:00;2016;Basiskurve (enhet = timer);4193;-;-;-;-;-;-;-;-;Totalt;3610;582;190;189;51;152;-;-
30193V2370595;Karmoytunnelen Mjasund;FV553 S1D1 m2782;2017-01-01T00:00+01:00;2018-01-01T00:00+01:00;2017;Basiskurve (enhet = timer);2111;-;-;-;-;-;-;-;-;1;1821;290;100;93;25;72;-;-
30193V2370595;Karmoytunnelen Mjasund;FV553 S1D1 m2782;2017-01-01T00:00+01:00;2018-01-01T00:00+01:00;2017;Basiskurve (enhet = timer);160;-;-;-;-;-;-;-;-;2;152;8;4;3;1;1;-;-
30193V2370595;Karmoytunnelen Mjasund;FV553 S1D1 m2782;2017-01-01T00:00+01:00;2018-01-01T00:00+01:00;2017;Basiskurve (enhet = timer);1963;-;-;-;-;-;-;-;-;4;1673;290;95;92;24;78;-;-
30193V2370595;Karmoytunnelen Mjasund;FV553 S1D1 m2782;2017-01-01T00:00+01:00;2018-01-01T00:00+01:00;2017;Basiskurve (enhet = timer);2111;-;-;-;-;-;-;-;-;Totalt i retning Karmoy;1821;290;100;93;25;72;-;-
30193V2370595;Karmoytunnelen Mjasund;FV553 S1D1 m2782;2017-01-01T00:00+01:00;2018-01-01T00:00+01:00;2017;Basiskurve (enhet = timer);2123;-;-;-;-;-;-;-;-;Totalt i retning Mjasund;1825;298;98;95;25;80;-;-
30193V2370595;Karmoytunnelen Mjasund;FV553 S1D1 m2782;2017-01-01T00:00+01:00;2018-01-01T00:00+01:00;2017;Basiskurve (enhet = timer);4234;-;-;-;-;-;-;-;-;Totalt;3646;588;198;188;50;152;-;-
30193V2370595;Karmoytunnelen Mjasund;FV553 S1D1 m2782;2018-01-01T00:00+01:00;2019-01-01T00:00+01:00;2018;Gjennomsnitt (enhet = dogn);2137;2128;2146;96,5;365;353;8;0;100;1;1794;343;135;106;27;75;75;0
30193V2370595;Karmoytunnelen Mjasund;FV553 S1D1 m2782;2018-01-01T00:00+01:00;2019-01-01T00:00+01:00;2018;Gjennomsnitt (enhet = dogn);171;170;172;96,5;365;353;8;0;100;2;162;9;4;3;1;1;1;0
30193V2370595;Karmoytunnelen Mjasund;FV553 S1D1 m2782;2018-01-01T00:00+01:00;2019-01-01T00:00+01:00;2018;Gjennomsnitt (enhet = dogn);1989;1981;1997;96,5;365;353;8;0;100;4;1676;313;107;101;26;79;79;0
30193V2370595;Karmoytunnelen Mjasund;FV553 S1D1 m2782;2018-01-01T00:00+01:00;2019-01-01T00:00+01:00;2018;Gjennomsnitt (enhet = dogn);2138;2129;2147;96,5;365;353;8;0;100;Totalt i retning Karmoy;1794;343;135;106;27;75;75;0
30193V2370595;Karmoytunnelen Mjasund;FV553 S1D1 m2782;2018-01-01T00:00+01:00;2019-01-01T00:00+01:00;2018;Gjennomsnitt (enhet = dogn);2159;2150;2168;96,5;365;353;8;0;100;Totalt i retning Mjasund;1837;322;111;104;27;80;80;0
30193V2370595;Karmoytunnelen Mjasund;FV553 S1D1 m2782;2018-01-01T00:00+01:00;2019-01-01T00:00+01:00;2018;Gjennomsnitt (enhet = dogn);4297;4279;4315;96,5;365;353;8;0;100;Totalt;3631;665;246;210;54;155;155;0
30193V2370595;Karmoytunnelen Mjasund;FV553 S1D1 m2782;2019-01-01T00:00+01:00;2020-01-01T00:00+01:00;2019;Gjennomsnitt (enhet = dogn);2085;2078;2092;97,4;365;356;9;0;100;1;1750;335;128;109;25;72;72;0
30193V2370595;Karmoytunnelen Mjasund;FV553 S1D1 m2782;2019-01-01T00:00+01:00;2020-01-01T00:00+01:00;2019;Gjennomsnitt (enhet = dogn);155;154;156;97,4;365;356;9;0;100;2;147;8;4;3;0;1;1;0
30193V2370595;Karmoytunnelen Mjasund;FV553 S1D1 m2782;2019-01-01T00:00+01:00;2020-01-01T00:00+01:00;2019;Gjennomsnitt (enhet = dogn);1936;1930;1942;97,4;365;356;9;0;100;4;1634;302;100;103;24;76;76;0
30193V2370595;Karmoytunnelen Mjasund;FV553 S1D1 m2782;2019-01-01T00:00+01:00;2020-01-01T00:00+01:00;2019;Gjennomsnitt (enhet = dogn);2086;2079;2093;97,4;365;356;9;0;100;Totalt i retning Karmoy;1751;335;128;109;25;72;72;0
30193V2370595;Karmoytunnelen Mjasund;FV553 S1D1 m2782;2019-01-01T00:00+01:00;2020-01-01T00:00+01:00;2019;Gjennomsnitt (enhet = dogn);2091;2084;2098;97,4;365;356;9;1;100;Totalt i retning Mjasund;1780;311;104;106;24;77;77;0
30193V2370595;Karmoytunnelen Mjasund;FV553 S1D1 m2782;2019-01-01T00:00+01:00;2020-01-01T00:00+01:00;2019;Gjennomsnitt (enhet = dogn);4176;4162;4190;97,4;365;356;9;0;100;Totalt;3530;646;232;215;50;149;149;0
30193V2370595;Karmoytunnelen Mjasund;FV553 S1D1 m2782;2020-01-01T00:00+01:00;2021-01-01T00:00+01:00;2020;Gjennomsnitt (enhet = dogn);1996;1996;1996;100;366;366;0;0;100;1;1648;348;131;117;22;79;79;0
30193V2370595;Karmoytunnelen Mjasund;FV553 S1D1 m2782;2020-01-01T00:00+01:00;2021-01-01T00:00+01:00;2020;Gjennomsnitt (enhet = dogn);143;143;143;100;366;366;0;0;100;2;135;8;3;3;0;1;1;0
30193V2370595;Karmoytunnelen Mjasund;FV553 S1D1 m2782;2020-01-01T00:00+01:00;2021-01-01T00:00+01:00;2020;Gjennomsnitt (enhet = dogn);1848;1848;1848;100;366;366;0;0;100;4;1538;310;98;110;21;82;82;0
30193V2370595;Karmoytunnelen Mjasund;FV553 S1D1 m2782;2020-01-01T00:00+01:00;2021-01-01T00:00+01:00;2020;Gjennomsnitt (enhet = dogn);1997;1997;1997;100;366;366;0;0;100;Totalt i retning Karmoy;1649;348;131;117;22;79;79;0
30193V2370595;Karmoytunnelen Mjasund;FV553 S1D1 m2782;2020-01-01T00:00+01:00;2021-01-01T00:00+01:00;2020;Gjennomsnitt (enhet = dogn);1991;1991;1991;100;366;366;0;0;100;Totalt i retning Mjasund;1673;318;101;112;21;83;83;0
30193V2370595;Karmoytunnelen Mjasund;FV553 S1D1 m2782;2020-01-01T00:00+01:00;2021-01-01T00:00+01:00;2020;Gjennomsnitt (enhet = dogn);3988;3988;3988;100;366;366;0;1;100;Totalt;3321;666;232;229;43;161;161;0
30193V2370595;Karmoytunnelen Mjasund;FV553 S1D1 m2782;2021-01-01T00:00+01:00;2022-01-01T00:00+01:00;2021;Gjennomsnitt (enhet = dogn);2250;2250;2250;100;365;365;0;0;100;1;1871;379;144;130;22;83;83;0
30193V2370595;Karmoytunnelen Mjasund;FV553 S1D1 m2782;2021-01-01T00:00+01:00;2022-01-01T00:00+01:00;2021;Gjennomsnitt (enhet = dogn);171;171;171;100;365;365;0;0;100;2;163;9;4;3;1;1;1;0
30193V2370595;Karmoytunnelen Mjasund;FV553 S1D1 m2782;2021-01-01T00:00+01:00;2022-01-01T00:00+01:00;2021;Gjennomsnitt (enhet = dogn);2081;2081;2081;100;365;365;0;1;100;4;1747;334;108;120;22;84;84;0
30193V2370595;Karmoytunnelen Mjasund;FV553 S1D1 m2782;2021-01-01T00:00+01:00;2022-01-01T00:00+01:00;2021;Gjennomsnitt (enhet = dogn);2251;2251;2251;100;365;365;0;1;100;Totalt i retning Karmoy;1871;379;144;130;22;83;83;0
30193V2370595;Karmoytunnelen Mjasund;FV553 S1D1 m2782;2021-01-01T00:00+01:00;2022-01-01T00:00+01:00;2021;Gjennomsnitt (enhet = dogn);2251;2251;2251;100;365;365;0;0;100;Totalt i retning Mjasund;1909;342;112;123;22;85;85;0
30193V2370595;Karmoytunnelen Mjasund;FV553 S1D1 m2782;2021-01-01T00:00+01:00;2022-01-01T00:00+01:00;2021;Gjennomsnitt (enhet = dogn);4502;4502;4502;100;365;365;0;1;100;Totalt;3780;721;256;253;44;168;168;0
30193V2370595;Karmoytunnelen Mjasund;FV553 S1D1 m2782;2022-01-01T00:00+01:00;2023-01-01T00:00+01:00;2022;Gjennomsnitt (enhet = dogn);2603;2603;2603;100;365;365;0;1;100;1;2179;423;170;140;25;88;87;1
30193V2370595;Karmoytunnelen Mjasund;FV553 S1D1 m2782;2022-01-01T00:00+01:00;2023-01-01T00:00+01:00;2022;Gjennomsnitt (enhet = dogn);212;212;212;100;365;365;0;1;99,5;2;201;10;5;4;1;1;1;0
30193V2370595;Karmoytunnelen Mjasund;FV553 S1D1 m2782;2022-01-01T00:00+01:00;2023-01-01T00:00+01:00;2022;Gjennomsnitt (enhet = dogn);2384;2384;2384;100;365;365;0;0;100;4;2020;364;122;128;26;89;88;1
30193V2370595;Karmoytunnelen Mjasund;FV553 S1D1 m2782;2022-01-01T00:00+01:00;2023-01-01T00:00+01:00;2022;Gjennomsnitt (enhet = dogn);2603;2603;2603;100;365;365;0;0;100;Totalt i retning Karmoy;2180;423;170;140;25;88;87;1
30193V2370595;Karmoytunnelen Mjasund;FV553 S1D1 m2782;2022-01-01T00:00+01:00;2023-01-01T00:00+01:00;2022;Gjennomsnitt (enhet = dogn);2595;2595;2595;100;365;365;0;0;100;Totalt i retning Mjasund;2221;374;126;132;26;90;89;1
30193V2370595;Karmoytunnelen Mjasund;FV553 S1D1 m2782;2022-01-01T00:00+01:00;2023-01-01T00:00+01:00;2022;Gjennomsnitt (enhet = dogn);5198;5198;5198;100;365;365;0;0;100;Totalt;4400;797;297;272;52;177;176;1
30193V2370595;Karmoytunnelen Mjasund;FV553 S1D1 m2782;2023-01-01T00:00+01:00;2024-01-01T00:00+01:00;2023;Gjennomsnitt (enhet = dogn);2853;2853;2853;100;365;365;0;0;100;1;2402;451;182;149;31;90;89;1
30193V2370595;Karmoytunnelen Mjasund;FV553 S1D1 m2782;2023-01-01T00:00+01:00;2024-01-01T00:00+01:00;2023;Gjennomsnitt (enhet = dogn);253;253;253;100;365;365;0;0;100;2;242;12;5;4;1;1;1;0
30193V2370595;Karmoytunnelen Mjasund;FV553 S1D1 m2782;2023-01-01T00:00+01:00;2024-01-01T00:00+01:00;2023;Gjennomsnitt (enhet = dogn);2601;2601;2601;100;365;365;0;0;100;4;2208;393;133;139;31;89;88;1
30193V2370595;Karmoytunnelen Mjasund;FV553 S1D1 m2782;2023-01-01T00:00+01:00;2024-01-01T00:00+01:00;2023;Gjennomsnitt (enhet = dogn);2854;2854;2854;100;365;365;0;0;100;Totalt i retning Karmoy;2403;451;182;149;31;90;89;1
30193V2370595;Karmoytunnelen Mjasund;FV553 S1D1 m2782;2023-01-01T00:00+01:00;2024-01-01T00:00+01:00;2023;Gjennomsnitt (enhet = dogn);2853;2853;2853;100;365;365;0;0;100;Totalt i retning Mjasund;2449;404;138;143;32;91;90;1
30193V2370595;Karmoytunnelen Mjasund;FV553 S1D1 m2782;2023-01-01T00:00+01:00;2024-01-01T00:00+01:00;2023;Gjennomsnitt (enhet = dogn);5707;5707;5707;100;365;365;0;0;100;Totalt;4851;855;320;292;63;181;179;2
31619V320585;Grinde nord;EV39 S91D1 m3708;2018-01-01T00:00+01:00;2019-01-01T00:00+01:00;2018;Faktorkurve (enhet = timer) M3;4398;4258;4538;7,9;8760;691;0;-;-;1;3733;662;165;224;42;231;231;0
31619V320585;Grinde nord;EV39 S91D1 m3708;2018-01-01T00:00+01:00;2019-01-01T00:00+01:00;2018;Faktorkurve (enhet = timer) M3;4339;4201;4478;7,9;8760;691;0;-;-;2;3611;727;225;230;39;233;233;0
31619V320585;Grinde nord;EV39 S91D1 m3708;2018-01-01T00:00+01:00;2019-01-01T00:00+01:00;2018;Faktorkurve (enhet = timer) M3;4356;4218;4495;7,9;8760;691;0;-;-;Totalt i retning Aksdal;3621;734;226;231;42;235;235;0
31619V320585;Grinde nord;EV39 S91D1 m3708;2018-01-01T00:00+01:00;2019-01-01T00:00+01:00;2018;Faktorkurve (enhet = timer) M3;4381;4242;4521;7,9;8760;691;0;-;-;Totalt i retning Vag;3724;655;165;224;38;229;229;0
31619V320585;Grinde nord;EV39 S91D1 m3708;2018-01-01T00:00+01:00;2019-01-01T00:00+01:00;2018;Faktorkurve (enhet = timer) M3;8738;8460;9016;7,9;8760;691;0;-;-;Totalt;7345;1389;391;454;80;464;464;0
42954V320585;Grinde nord;EV39 S91D1 m2970;2014-01-01T00:00+01:00;2015-01-01T00:00+01:00;2014;Gjennomsnitt (enhet = dogn);4370;-;-;-;-;-;-;-;-;1;3750;619;159;224;34;202;-;-
42954V320585;Grinde nord;EV39 S91D1 m2970;2014-01-01T00:00+01:00;2015-01-01T00:00+01:00;2014;Gjennomsnitt (enhet = dogn);4322;-;-;-;-;-;-;-;-;2;3692;631;175;223;39;194;-;-
42954V320585;Grinde nord;EV39 S91D1 m2970;2014-01-01T00:00+01:00;2015-01-01T00:00+01:00;2014;Gjennomsnitt (enhet = dogn);4322;-;-;-;-;-;-;-;-;Totalt i retning Vag;3692;631;175;223;39;194;-;-
42954V320585;Grinde nord;EV39 S91D1 m2970;2014-01-01T00:00+01:00;2015-01-01T00:00+01:00;2014;Gjennomsnitt (enhet = dogn);4370;-;-;-;-;-;-;-;-;Totalt i retning Aksdal;3750;619;159;224;34;202;-;-
42954V320585;Grinde nord;EV39 S91D1 m2970;2014-01-01T00:00+01:00;2015-01-01T00:00+01:00;2014;Gjennomsnitt (enhet = dogn);8692;-;-;-;-;-;-;-;-;Totalt;7442;1250;334;447;73;396;-;-
42954V320585;Grinde nord;EV39 S91D1 m2970;2015-01-01T00:00+01:00;2016-01-01T00:00+01:00;2015;Gjennomsnitt (enhet = dogn);4372;-;-;-;-;-;-;-;-;1;3774;599;157;214;36;191;-;-
42954V320585;Grinde nord;EV39 S91D1 m2970;2015-01-01T00:00+01:00;2016-01-01T00:00+01:00;2015;Gjennomsnitt (enhet = dogn);4346;-;-;-;-;-;-;-;-;2;3727;619;173;218;38;190;-;-
42954V320585;Grinde nord;EV39 S91D1 m2970;2015-01-01T00:00+01:00;2016-01-01T00:00+01:00;2015;Gjennomsnitt (enhet = dogn);4346;-;-;-;-;-;-;-;-;Totalt i retning Vag;3727;619;173;218;38;190;-;-
42954V320585;Grinde nord;EV39 S91D1 m2970;2015-01-01T00:00+01:00;2016-01-01T00:00+01:00;2015;Gjennomsnitt (enhet = dogn);4372;-;-;-;-;-;-;-;-;Totalt i retning Aksdal;3774;599;157;214;36;191;-;-
42954V320585;Grinde nord;EV39 S91D1 m2970;2015-01-01T00:00+01:00;2016-01-01T00:00+01:00;2015;Gjennomsnitt (enhet = dogn);8718;-;-;-;-;-;-;-;-;Totalt;7501;1218;330;433;74;382;-;-
42954V320585;Grinde nord;EV39 S91D1 m2970;2016-01-01T00:00+01:00;2017-01-01T00:00+01:00;2016;Gjennomsnitt (enhet = dogn);4498;-;-;-;-;-;-;-;-;1;3861;637;168;236;39;195;-;-
42954V320585;Grinde nord;EV39 S91D1 m2970;2016-01-01T00:00+01:00;2017-01-01T00:00+01:00;2016;Gjennomsnitt (enhet = dogn);4558;-;-;-;-;-;-;-;-;2;3896;662;183;240;39;201;-;-
42954V320585;Grinde nord;EV39 S91D1 m2970;2016-01-01T00:00+01:00;2017-01-01T00:00+01:00;2016;Gjennomsnitt (enhet = dogn);4498;-;-;-;-;-;-;-;-;Totalt i retning Aksdal;3861;637;168;236;39;195;-;-
42954V320585;Grinde nord;EV39 S91D1 m2970;2016-01-01T00:00+01:00;2017-01-01T00:00+01:00;2016;Gjennomsnitt (enhet = dogn);4558;-;-;-;-;-;-;-;-;Totalt i retning Vag;3896;662;183;240;39;201;-;-
42954V320585;Grinde nord;EV39 S91D1 m2970;2016-01-01T00:00+01:00;2017-01-01T00:00+01:00;2016;Gjennomsnitt (enhet = dogn);9056;-;-;-;-;-;-;-;-;Totalt;7757;1299;351;475;77;396;-;-
42954V320585;Grinde nord;EV39 S91D1 m2970;2018-01-01T00:00+01:00;2019-01-01T00:00+01:00;2018;Gjennomsnitt (enhet = dogn);4503;-;-;-;-;-;-;-;-;1;3780;723;211;271;35;205;-;-
42954V320585;Grinde nord;EV39 S91D1 m2970;2018-01-01T00:00+01:00;2019-01-01T00:00+01:00;2018;Gjennomsnitt (enhet = dogn);4556;-;-;-;-;-;-;-;-;2;3906;650;157;254;36;203;-;-
42954V320585;Grinde nord;EV39 S91D1 m2970;2018-01-01T00:00+01:00;2019-01-01T00:00+01:00;2018;Gjennomsnitt (enhet = dogn);4556;-;-;-;-;-;-;-;-;Totalt i retning Vag;3906;650;157;254;36;203;-;-
42954V320585;Grinde nord;EV39 S91D1 m2970;2018-01-01T00:00+01:00;2019-01-01T00:00+01:00;2018;Gjennomsnitt (enhet = dogn);4503;-;-;-;-;-;-;-;-;Totalt i retning Aksdal;3780;723;211;271;35;205;-;-
42954V320585;Grinde nord;EV39 S91D1 m2970;2018-01-01T00:00+01:00;2019-01-01T00:00+01:00;2018;Gjennomsnitt (enhet = dogn);9059;-;-;-;-;-;-;-;-;Totalt;7686;1373;368;525;71;408;-;-
42954V320585;Grinde nord;EV39 S91D1 m2970;2019-01-01T00:00+01:00;2020-01-01T00:00+01:00;2019;Gjennomsnitt (enhet = dogn);4512;4508;4516;99,7;365;364;1;1;100;1;3780;731;228;252;40;210;210;0
42954V320585;Grinde nord;EV39 S91D1 m2970;2019-01-01T00:00+01:00;2020-01-01T00:00+01:00;2019;Gjennomsnitt (enhet = dogn);4558;4552;4564;99,7;365;364;1;2;100;2;3874;682;180;248;41;213;213;0
42954V320585;Grinde nord;EV39 S91D1 m2970;2019-01-01T00:00+01:00;2020-01-01T00:00+01:00;2019;Gjennomsnitt (enhet = dogn);4524;4520;4528;99,7;365;364;1;1;100;Totalt i retning Aksdal;3787;735;229;253;42;212;212;0
42954V320585;Grinde nord;EV39 S91D1 m2970;2019-01-01T00:00+01:00;2020-01-01T00:00+01:00;2019;Gjennomsnitt (enhet = dogn);4546;4540;4552;99,7;365;364;1;2;100;Totalt i retning Vag;3867;678;180;247;39;211;211;0
42954V320585;Grinde nord;EV39 S91D1 m2970;2019-01-01T00:00+01:00;2020-01-01T00:00+01:00;2019;Gjennomsnitt (enhet = dogn);9070;9061;9079;99,7;365;364;1;3;100;Totalt;7654;1413;408;500;81;423;423;0
42954V320585;Grinde nord;EV39 S91D1 m2970;2020-01-01T00:00+01:00;2021-01-01T00:00+01:00;2020;Gjennomsnitt (enhet = dogn);4079;4029;4129;80,1;366;293;73;2;100;1;3355;723;214;251;35;222;222;0
42954V320585;Grinde nord;EV39 S91D1 m2970;2020-01-01T00:00+01:00;2021-01-01T00:00+01:00;2020;Gjennomsnitt (enhet = dogn);4067;4001;4133;77,9;366;285;81;2;100;2;3354;711;201;251;33;226;226;0
42954V320585;Grinde nord;EV39 S91D1 m2970;2020-01-01T00:00+01:00;2021-01-01T00:00+01:00;2020;Gjennomsnitt (enhet = dogn);4086;4036;4136;80,1;366;293;73;2;100;Totalt i retning Aksdal;3358;726;214;252;36;223;223;0
42954V320585;Grinde nord;EV39 S91D1 m2970;2020-01-01T00:00+01:00;2021-01-01T00:00+01:00;2020;Gjennomsnitt (enhet = dogn);4060;3994;4126;77,9;366;285;81;2;100;Totalt i retning Vag;3350;708;201;251;32;224;224;0
42954V320585;Grinde nord;EV39 S91D1 m2970;2020-01-01T00:00+01:00;2021-01-01T00:00+01:00;2020;Gjennomsnitt (enhet = dogn);8113;8003;8223;77,9;366;285;81;4;100;Totalt;6680;1429;414;500;68;447;447;0
42954V320585;Grinde nord;EV39 S91D1 m2970;2021-01-01T00:00+01:00;2022-01-01T00:00+01:00;2021;Gjennomsnitt (enhet = dogn);4624;4619;4629;99,7;365;364;1;1;100;1;3829;795;243;277;40;235;234;1
42954V320585;Grinde nord;EV39 S91D1 m2970;2021-01-01T00:00+01:00;2022-01-01T00:00+01:00;2021;Gjennomsnitt (enhet = dogn);4648;4641;4655;99,7;365;364;1;3;99,9;2;3793;852;284;288;38;243;242;1
42954V320585;Grinde nord;EV39 S91D1 m2970;2021-01-01T00:00+01:00;2022-01-01T00:00+01:00;2021;Gjennomsnitt (enhet = dogn);4628;4623;4633;99,7;365;364;1;0;100;Totalt i retning Aksdal;3831;797;244;277;40;236;235;1
42954V320585;Grinde nord;EV39 S91D1 m2970;2021-01-01T00:00+01:00;2022-01-01T00:00+01:00;2021;Gjennomsnitt (enhet = dogn);4644;4637;4651;99,7;365;364;1;3;99,9;Totalt i retning Vag;3791;850;283;287;37;242;241;1
42954V320585;Grinde nord;EV39 S91D1 m2970;2021-01-01T00:00+01:00;2022-01-01T00:00+01:00;2021;Gjennomsnitt (enhet = dogn);9272;9261;9283;99,7;365;364;1;3;100;Totalt;7622;1647;527;565;77;478;476;2
42954V320585;Grinde nord;EV39 S91D1 m2970;2022-01-01T00:00+01:00;2023-01-01T00:00+01:00;2022;Gjennomsnitt (enhet = dogn);4692;4692;4692;100;365;365;0;1;100;1;3881;810;256;279;44;231;228;3
42954V320585;Grinde nord;EV39 S91D1 m2970;2022-01-01T00:00+01:00;2023-01-01T00:00+01:00;2022;Gjennomsnitt (enhet = dogn);4706;4706;4706;100;365;365;0;3;99,9;2;3850;853;291;285;42;236;231;5
42954V320585;Grinde nord;EV39 S91D1 m2970;2022-01-01T00:00+01:00;2023-01-01T00:00+01:00;2022;Gjennomsnitt (enhet = dogn);4694;4694;4694;100;365;365;0;1;100;Totalt i retning Aksdal;3881;812;257;280;45;231;228;3
42954V320585;Grinde nord;EV39 S91D1 m2970;2022-01-01T00:00+01:00;2023-01-01T00:00+01:00;2022;Gjennomsnitt (enhet = dogn);4704;4704;4704;100;365;365;0;3;99,9;Totalt i retning Vag;3850;852;291;285;42;235;230;5
42954V320585;Grinde nord;EV39 S91D1 m2970;2022-01-01T00:00+01:00;2023-01-01T00:00+01:00;2022;Gjennomsnitt (enhet = dogn);9398;9398;9398;100;365;365;0;3;100;Totalt;7731;1664;547;564;86;465;458;7
42954V320585;Grinde nord;EV39 S91D1 m2970;2023-01-01T00:00+01:00;2024-01-01T00:00+01:00;2023;Gjennomsnitt (enhet = dogn);4838;4822;4854;97;365;354;11;0;100;1;4017;821;263;275;47;236;230;6
42954V320585;Grinde nord;EV39 S91D1 m2970;2023-01-01T00:00+01:00;2024-01-01T00:00+01:00;2023;Gjennomsnitt (enhet = dogn);4874;4853;4895;97;365;354;11;2;100;2;4000;872;301;283;46;242;234;8
42954V320585;Grinde nord;EV39 S91D1 m2970;2023-01-01T00:00+01:00;2024-01-01T00:00+01:00;2023;Gjennomsnitt (enhet = dogn);4842;4826;4858;97;365;354;11;0;100;Totalt i retning Aksdal;4019;823;263;275;48;236;230;6
42954V320585;Grinde nord;EV39 S91D1 m2970;2023-01-01T00:00+01:00;2024-01-01T00:00+01:00;2023;Gjennomsnitt (enhet = dogn);4870;4849;4891;97;365;354;11;2;100;Totalt i retning Vag;3998;870;300;282;45;242;234;8
42954V320585;Grinde nord;EV39 S91D1 m2970;2023-01-01T00:00+01:00;2024-01-01T00:00+01:00;2023;Gjennomsnitt (enhet = dogn);9712;9678;9746;97;365;354;11;3;100;Totalt;8017;1693;564;558;93;478;464;14
45383V319532;Haukas;EV39 S92D1 m8845;2017-01-01T00:00+01:00;2018-01-01T00:00+01:00;2017;Basiskurve (enhet = timer);2238;-;-;-;-;-;-;-;-;1;1872;366;101;96;32;136;-;-
45383V319532;Haukas;EV39 S92D1 m8845;2017-01-01T00:00+01:00;2018-01-01T00:00+01:00;2017;Basiskurve (enhet = timer);2213;-;-;-;-;-;-;-;-;2;1865;348;86;94;39;129;-;-
45383V319532;Haukas;EV39 S92D1 m8845;2017-01-01T00:00+01:00;2018-01-01T00:00+01:00;2017;Basiskurve (enhet = timer);2213;-;-;-;-;-;-;-;-;Totalt i retning Aksdal X E39;1865;348;86;94;39;129;-;-
45383V319532;Haukas;EV39 S92D1 m8845;2017-01-01T00:00+01:00;2018-01-01T00:00+01:00;2017;Basiskurve (enhet = timer);2238;-;-;-;-;-;-;-;-;Totalt i retning Mjasund bru;1872;366;101;96;32;136;-;-
45383V319532;Haukas;EV39 S92D1 m8845;2017-01-01T00:00+01:00;2018-01-01T00:00+01:00;2017;Basiskurve (enhet = timer);4451;-;-;-;-;-;-;-;-;Totalt;3737;714;187;191;71;265;-;-
45383V319532;Haukas;EV39 S92D1 m8845;2018-01-01T00:00+01:00;2019-01-01T00:00+01:00;2018;Gjennomsnitt (enhet = dogn);2290;2286;2294;99,4;365;363;2;22;99;1;1874;394;115;102;37;140;140;0
45383V319532;Haukas;EV39 S92D1 m8845;2018-01-01T00:00+01:00;2019-01-01T00:00+01:00;2018;Gjennomsnitt (enhet = dogn);2273;2269;2277;99,4;365;363;2;22;99;2;1874;377;101;98;41;137;137;0
45383V319532;Haukas;EV39 S92D1 m8845;2018-01-01T00:00+01:00;2019-01-01T00:00+01:00;2018;Gjennomsnitt (enhet = dogn);2291;2287;2295;99,4;365;363;2;22;99;Totalt i retning Mjasund bru;1875;394;115;102;37;140;140;0
45383V319532;Haukas;EV39 S92D1 m8845;2018-01-01T00:00+01:00;2019-01-01T00:00+01:00;2018;Gjennomsnitt (enhet = dogn);2273;2269;2277;99,4;365;363;2;23;99;Totalt i retning Aksdal X E39;1873;377;101;98;41;137;137;0
45383V319532;Haukas;EV39 S92D1 m8845;2018-01-01T00:00+01:00;2019-01-01T00:00+01:00;2018;Gjennomsnitt (enhet = dogn);4563;4555;4571;99,4;365;363;2;44;99;Totalt;3748;772;216;199;78;278;277;1
45383V319532;Haukas;EV39 S92D1 m8845;2019-01-01T00:00+01:00;2020-01-01T00:00+01:00;2019;Gjennomsnitt (enhet = dogn);2315;2312;2318;99,7;365;364;1;654;71,7;1;1313;349;89;90;30;139;139;0
45383V319532;Haukas;EV39 S92D1 m8845;2019-01-01T00:00+01:00;2020-01-01T00:00+01:00;2019;Gjennomsnitt (enhet = dogn);2296;2293;2299;99,7;365;364;1;612;73,3;2;1336;347;84;89;31;144;144;0
45383V319532;Haukas;EV39 S92D1 m8845;2019-01-01T00:00+01:00;2020-01-01T00:00+01:00;2019;Gjennomsnitt (enhet = dogn);2316;2313;2319;99,7;365;364;1;654;71,8;Totalt i retning Mjasund bru;1313;349;89;90;30;139;139;0
45383V319532;Haukas;EV39 S92D1 m8845;2019-01-01T00:00+01:00;2020-01-01T00:00+01:00;2019;Gjennomsnitt (enhet = dogn);2296;2293;2299;99,7;365;364;1;613;73,3;Totalt i retning Aksdal X E39;1336;347;84;89;31;144;144;0
45383V319532;Haukas;EV39 S92D1 m8845;2019-01-01T00:00+01:00;2020-01-01T00:00+01:00;2019;Gjennomsnitt (enhet = dogn);4612;4607;4617;99,7;365;364;1;1267;72,5;Totalt;2649;696;173;179;61;284;283;1
45383V319532;Haukas;EV39 S92D1 m8845;2020-01-01T00:00+01:00;2021-01-01T00:00+01:00;2020;Gjennomsnitt (enhet = dogn);2231;2228;2234;99,7;366;365;1;615;72,4;1;1251;365;89;93;28;154;154;0
45383V319532;Haukas;EV39 S92D1 m8845;2020-01-01T00:00+01:00;2021-01-01T00:00+01:00;2020;Gjennomsnitt (enhet = dogn);2199;2195;2203;99,7;366;365;1;591;73,1;2;1250;359;80;93;28;157;157;0
45383V319532;Haukas;EV39 S92D1 m8845;2020-01-01T00:00+01:00;2021-01-01T00:00+01:00;2020;Gjennomsnitt (enhet = dogn);2232;2229;2235;99,7;366;365;1;616;72,4;Totalt i retning Mjasund bru;1251;365;89;93;28;154;154;0
45383V319532;Haukas;EV39 S92D1 m8845;2020-01-01T00:00+01:00;2021-01-01T00:00+01:00;2020;Gjennomsnitt (enhet = dogn);2198;2194;2202;99,7;366;365;1;590;73,2;Totalt i retning Aksdal X E39;1249;359;80;93;28;157;157;0
45383V319532;Haukas;EV39 S92D1 m8845;2020-01-01T00:00+01:00;2021-01-01T00:00+01:00;2020;Gjennomsnitt (enhet = dogn);4430;4423;4437;99,7;366;365;1;1206;72,8;Totalt;2500;724;169;187;56;313;312;1
45383V319532;Haukas;EV39 S92D1 m8845;2021-01-01T00:00+01:00;2022-01-01T00:00+01:00;2021;Gjennomsnitt (enhet = dogn);2399;2394;2404;99,4;365;363;2;712;70,3;1;1297;390;97;103;27;162;162;0
45383V319532;Haukas;EV39 S92D1 m8845;2021-01-01T00:00+01:00;2022-01-01T00:00+01:00;2021;Gjennomsnitt (enhet = dogn);2358;2353;2363;99,4;365;363;2;622;73,6;2;1346;390;93;103;27;167;167;0
45383V319532;Haukas;EV39 S92D1 m8845;2021-01-01T00:00+01:00;2022-01-01T00:00+01:00;2021;Gjennomsnitt (enhet = dogn);2400;2395;2405;99,4;365;363;2;712;70,3;Totalt i retning Mjasund bru;1298;390;97;103;27;162;162;0
45383V319532;Haukas;EV39 S92D1 m8845;2021-01-01T00:00+01:00;2022-01-01T00:00+01:00;2021;Gjennomsnitt (enhet = dogn);2357;2352;2362;99,4;365;363;2;622;73,6;Totalt i retning Aksdal X E39;1346;390;93;103;27;167;167;0
45383V319532;Haukas;EV39 S92D1 m8845;2021-01-01T00:00+01:00;2022-01-01T00:00+01:00;2021;Gjennomsnitt (enhet = dogn);4757;4747;4767;99,4;365;363;2;1334;72;Totalt;2644;779;190;206;54;330;329;1
45383V319532;Haukas;EV39 S92D1 m8845;2022-01-01T00:00+01:00;2023-01-01T00:00+01:00;2022;Gjennomsnitt (enhet = dogn);2466;2466;2466;100;365;365;0;47;98,1;1;1895;524;189;134;35;166;165;1
45383V319532;Haukas;EV39 S92D1 m8845;2022-01-01T00:00+01:00;2023-01-01T00:00+01:00;2022;Gjennomsnitt (enhet = dogn);2414;2414;2414;100;365;365;0;39;98,4;2;1862;513;180;130;32;171;170;1
45383V319532;Haukas;EV39 S92D1 m8845;2022-01-01T00:00+01:00;2023-01-01T00:00+01:00;2022;Gjennomsnitt (enhet = dogn);2467;2467;2467;100;365;365;0;47;98,1;Totalt i retning Mjasund bru;1895;524;189;134;35;166;165;1
45383V319532;Haukas;EV39 S92D1 m8845;2022-01-01T00:00+01:00;2023-01-01T00:00+01:00;2022;Gjennomsnitt (enhet = dogn);2414;2414;2414;100;365;365;0;40;98,3;Totalt i retning Aksdal X E39;1861;513;180;130;32;171;170;1
45383V319532;Haukas;EV39 S92D1 m8845;2022-01-01T00:00+01:00;2023-01-01T00:00+01:00;2022;Gjennomsnitt (enhet = dogn);4880;4880;4880;100;365;365;0;86;98,2;Totalt;3756;1038;369;264;67;337;335;2
45383V319532;Haukas;EV39 S92D1 m8845;2023-01-01T00:00+01:00;2024-01-01T00:00+01:00;2023;Gjennomsnitt (enhet = dogn);2588;2588;2588;100;365;365;0;16;99,4;1;2023;549;206;135;36;171;169;2
45383V319532;Haukas;EV39 S92D1 m8845;2023-01-01T00:00+01:00;2024-01-01T00:00+01:00;2023;Gjennomsnitt (enhet = dogn);2543;2543;2543;100;365;365;0;15;99,4;2;1985;543;200;133;35;175;173;2
45383V319532;Haukas;EV39 S92D1 m8845;2023-01-01T00:00+01:00;2024-01-01T00:00+01:00;2023;Gjennomsnitt (enhet = dogn);2589;2589;2589;100;365;365;0;16;99,4;Totalt i retning Mjasund bru;2024;549;206;135;36;171;169;2
45383V319532;Haukas;EV39 S92D1 m8845;2023-01-01T00:00+01:00;2024-01-01T00:00+01:00;2023;Gjennomsnitt (enhet = dogn);2543;2543;2543;100;365;365;0;15;99,4;Totalt i retning Aksdal X E39;1984;543;200;133;35;175;173;2
45383V319532;Haukas;EV39 S92D1 m8845;2023-01-01T00:00+01:00;2024-01-01T00:00+01:00;2023;Gjennomsnitt (enhet = dogn);5132;5132;5132;100;365;365;0;32;99,4;Totalt;4008;1092;406;268;71;346;342;4
57053V319651;Toskatjorn;EV134 S2D1 m4051;2014-01-01T00:00+01:00;2015-01-01T00:00+01:00;2014;Gjennomsnitt (enhet = dogn);7854;-;-;-;-;-;-;-;-;1;7082;771;257;313;71;131;-;-
57053V319651;Toskatjorn;EV134 S2D1 m4051;2014-01-01T00:00+01:00;2015-01-01T00:00+01:00;2014;Gjennomsnitt (enhet = dogn);7632;-;-;-;-;-;-;-;-;2;6886;746;246;302;69;129;-;-
57053V319651;Toskatjorn;EV134 S2D1 m4051;2014-01-01T00:00+01:00;2015-01-01T00:00+01:00;2014;Gjennomsnitt (enhet = dogn);7632;-;-;-;-;-;-;-;-;Totalt i retning HAUGESUND XR47;6886;746;246;302;69;129;-;-
57053V319651;Toskatjorn;EV134 S2D1 m4051;2014-01-01T00:00+01:00;2015-01-01T00:00+01:00;2014;Gjennomsnitt (enhet = dogn);7854;-;-;-;-;-;-;-;-;Totalt i retning AKSDAL XE39;7082;771;257;313;71;131;-;-
57053V319651;Toskatjorn;EV134 S2D1 m4051;2014-01-01T00:00+01:00;2015-01-01T00:00+01:00;2014;Gjennomsnitt (enhet = dogn);15486;-;-;-;-;-;-;-;-;Totalt;13969;1517;503;615;139;260;-;-
57053V319651;Toskatjorn;EV134 S2D1 m4051;2015-01-01T00:00+01:00;2016-01-01T00:00+01:00;2015;Gjennomsnitt (enhet = dogn);7589;-;-;-;-;-;-;-;-;1;6940;649;242;284;54;69;-;-
57053V319651;Toskatjorn;EV134 S2D1 m4051;2015-01-01T00:00+01:00;2016-01-01T00:00+01:00;2015;Gjennomsnitt (enhet = dogn);7414;-;-;-;-;-;-;-;-;2;6785;629;231;280;50;68;-;-
57053V319651;Toskatjorn;EV134 S2D1 m4051;2015-01-01T00:00+01:00;2016-01-01T00:00+01:00;2015;Gjennomsnitt (enhet = dogn);7414;-;-;-;-;-;-;-;-;Totalt i retning HAUGESUND XR47;6785;629;231;280;50;68;-;-
57053V319651;Toskatjorn;EV134 S2D1 m4051;2015-01-01T00:00+01:00;2016-01-01T00:00+01:00;2015;Gjennomsnitt (enhet = dogn);7589;-;-;-;-;-;-;-;-;Totalt i retning AKSDAL XE39;6940;649;242;284;54;69;-;-
57053V319651;Toskatjorn;EV134 S2D1 m4051;2015-01-01T00:00+01:00;2016-01-01T00:00+01:00;2015;Gjennomsnitt (enhet = dogn);15003;-;-;-;-;-;-;-;-;Totalt;13725;1278;473;564;104;137;-;-
57053V319651;Toskatjorn;EV134 S2D1 m4051;2016-01-01T00:00+01:00;2017-01-01T00:00+01:00;2016;Gjennomsnitt (enhet = dogn);7707;-;-;-;-;-;-;-;-;1;7002;704;245;304;54;101;-;-
57053V319651;Toskatjorn;EV134 S2D1 m4051;2016-01-01T00:00+01:00;2017-01-01T00:00+01:00;2016;Gjennomsnitt (enhet = dogn);7517;-;-;-;-;-;-;-;-;2;6830;688;235;299;54;100;-;-
57053V319651;Toskatjorn;EV134 S2D1 m4051;2016-01-01T00:00+01:00;2017-01-01T00:00+01:00;2016;Gjennomsnitt (enhet = dogn);7517;-;-;-;-;-;-;-;-;Totalt i retning HAUGESUND XR47;6830;688;235;299;54;100;-;-
57053V319651;Toskatjorn;EV134 S2D1 m4051;2016-01-01T00:00+01:00;2017-01-01T00:00+01:00;2016;Gjennomsnitt (enhet = dogn);7707;-;-;-;-;-;-;-;-;Totalt i retning AKSDAL XE39;7002;704;245;304;54;101;-;-
57053V319651;Toskatjorn;EV134 S2D1 m4051;2016-01-01T00:00+01:00;2017-01-01T00:00+01:00;2016;Gjennomsnitt (enhet = dogn);15224;-;-;-;-;-;-;-;-;Totalt;13832;1392;480;603;108;201;-;-
57053V319651;Toskatjorn;EV134 S2D1 m4051;2017-01-01T00:00+01:00;2018-01-01T00:00+01:00;2017;Gjennomsnitt (enhet = dogn);7831;-;-;-;-;-;-;-;-;1;7074;757;272;303;64;119;-;-
57053V319651;Toskatjorn;EV134 S2D1 m4051;2017-01-01T00:00+01:00;2018-01-01T00:00+01:00;2017;Gjennomsnitt (enhet = dogn);7631;-;-;-;-;-;-;-;-;2;6889;742;268;294;62;117;-;-
57053V319651;Toskatjorn;EV134 S2D1 m4051;2017-01-01T00:00+01:00;2018-01-01T00:00+01:00;2017;Gjennomsnitt (enhet = dogn);7831;-;-;-;-;-;-;-;-;Totalt i retning AKSDAL XE39;7074;757;272;303;64;119;-;-
57053V319651;Toskatjorn;EV134 S2D1 m4051;2017-01-01T00:00+01:00;2018-01-01T00:00+01:00;2017;Gjennomsnitt (enhet = dogn);7631;-;-;-;-;-;-;-;-;Totalt i retning HAUGESUND XR47;6889;742;268;294;62;117;-;-
57053V319651;Toskatjorn;EV134 S2D1 m4051;2017-01-01T00:00+01:00;2018-01-01T00:00+01:00;2017;Gjennomsnitt (enhet = dogn);15462;-;-;-;-;-;-;-;-;Totalt;13963;1499;540;597;126;236;-;-
57053V319651;Toskatjorn;EV134 S2D1 m4051;2018-01-01T00:00+01:00;2019-01-01T00:00+01:00;2018;Gjennomsnitt (enhet = dogn);7875;7865;7885;99,7;365;364;1;323;95,9;1;6812;740;306;281;58;95;95;0
57053V319651;Toskatjorn;EV134 S2D1 m4051;2018-01-01T00:00+01:00;2019-01-01T00:00+01:00;2018;Gjennomsnitt (enhet = dogn);7699;7691;7707;99,7;365;364;1;318;95,9;2;6617;764;330;277;60;97;97;0
57053V319651;Toskatjorn;EV134 S2D1 m4051;2018-01-01T00:00+01:00;2019-01-01T00:00+01:00;2018;Gjennomsnitt (enhet = dogn);7876;7866;7886;99,7;365;364;1;323;95,9;Totalt i retning AKSDAL XE39;6813;740;306;281;58;95;95;0
57053V319651;Toskatjorn;EV134 S2D1 m4051;2018-01-01T00:00+01:00;2019-01-01T00:00+01:00;2018;Gjennomsnitt (enhet = dogn);7699;7691;7707;99,7;365;364;1;318;95,9;Totalt i retning HAUGESUND XR47;6616;764;330;277;60;97;97;0
57053V319651;Toskatjorn;EV134 S2D1 m4051;2018-01-01T00:00+01:00;2019-01-01T00:00+01:00;2018;Gjennomsnitt (enhet = dogn);15575;15557;15593;99,7;365;364;1;641;95,9;Totalt;13429;1505;636;558;118;193;192;1
57053V319651;Toskatjorn;EV134 S2D1 m4051;2019-01-01T00:00+01:00;2020-01-01T00:00+01:00;2019;Gjennomsnitt (enhet = dogn);7772;7649;7895;71,5;365;261;104;2156;72,3;1;4956;660;246;264;55;94;94;0
57053V319651;Toskatjorn;EV134 S2D1 m4051;2019-01-01T00:00+01:00;2020-01-01T00:00+01:00;2019;Gjennomsnitt (enhet = dogn);7663;7571;7755;71,5;365;261;104;2172;71,7;2;4761;730;302;269;58;100;100;0
57053V319651;Toskatjorn;EV134 S2D1 m4051;2019-01-01T00:00+01:00;2020-01-01T00:00+01:00;2019;Gjennomsnitt (enhet = dogn);7771;7648;7894;71,5;365;261;104;2155;72,3;Totalt i retning AKSDAL XE39;4956;660;246;264;55;94;94;0
57053V319651;Toskatjorn;EV134 S2D1 m4051;2019-01-01T00:00+01:00;2020-01-01T00:00+01:00;2019;Gjennomsnitt (enhet = dogn);7664;7572;7756;71,5;365;261;104;2174;71,6;Totalt i retning HAUGESUND XR47;4761;730;302;269;58;100;100;0
57053V319651;Toskatjorn;EV134 S2D1 m4051;2019-01-01T00:00+01:00;2020-01-01T00:00+01:00;2019;Gjennomsnitt (enhet = dogn);15435;15225;15645;71,5;365;261;104;4328;72;Totalt;9717;1390;548;534;113;195;194;1
57053V319651;Toskatjorn;EV134 S2D1 m4051;2020-01-01T00:00+01:00;2021-01-01T00:00+01:00;2020;Gjennomsnitt (enhet = dogn);7603;7502;7704;74,6;366;273;93;1974;74;1;4977;652;225;283;50;94;93;1
57053V319651;Toskatjorn;EV134 S2D1 m4051;2020-01-01T00:00+01:00;2021-01-01T00:00+01:00;2020;Gjennomsnitt (enhet = dogn);7687;7570;7804;74,6;366;273;93;2057;73,2;2;4939;691;254;289;52;97;96;1
57053V319651;Toskatjorn;EV134 S2D1 m4051;2020-01-01T00:00+01:00;2021-01-01T00:00+01:00;2020;Gjennomsnitt (enhet = dogn);7601;7500;7702;74,6;366;273;93;1973;74;Totalt i retning AKSDAL XE39;4976;652;225;283;50;94;93;1
57053V319651;Toskatjorn;EV134 S2D1 m4051;2020-01-01T00:00+01:00;2021-01-01T00:00+01:00;2020;Gjennomsnitt (enhet = dogn);7689;7572;7806;74,6;366;273;93;2058;73,2;Totalt i retning HAUGESUND XR47;4940;691;254;289;52;97;96;1
57053V319651;Toskatjorn;EV134 S2D1 m4051;2020-01-01T00:00+01:00;2021-01-01T00:00+01:00;2020;Gjennomsnitt (enhet = dogn);15290;15075;15505;74,6;366;273;93;4031;73,6;Totalt;9916;1343;479;572;102;190;189;1
57053V319651;Toskatjorn;EV134 S2D1 m4051;2021-01-01T00:00+01:00;2022-01-01T00:00+01:00;2021;Gjennomsnitt (enhet = dogn);7673;7663;7683;99,7;365;364;1;724;90,6;1;6189;760;290;306;67;97;97;0
57053V319651;Toskatjorn;EV134 S2D1 m4051;2021-01-01T00:00+01:00;2022-01-01T00:00+01:00;2021;Gjennomsnitt (enhet = dogn);7509;7501;7517;99,7;365;364;1;774;89,7;2;5984;752;292;302;60;98;98;0
57053V319651;Toskatjorn;EV134 S2D1 m4051;2021-01-01T00:00+01:00;2022-01-01T00:00+01:00;2021;Gjennomsnitt (enhet = dogn);7674;7664;7684;99,7;365;364;1;724;90,6;Totalt i retning AKSDAL XE39;6190;760;290;306;67;97;97;0
57053V319651;Toskatjorn;EV134 S2D1 m4051;2021-01-01T00:00+01:00;2022-01-01T00:00+01:00;2021;Gjennomsnitt (enhet = dogn);7508;7500;7516;99,7;365;364;1;773;89,7;Totalt i retning HAUGESUND XR47;5983;752;292;302;60;98;98;0
57053V319651;Toskatjorn;EV134 S2D1 m4051;2021-01-01T00:00+01:00;2022-01-01T00:00+01:00;2021;Gjennomsnitt (enhet = dogn);15182;15164;15200;99,7;365;364;1;1498;90,1;Totalt;12173;1512;582;607;127;195;195;0
57053V319651;Toskatjorn;EV134 S2D1 m4051;2022-01-01T00:00+01:00;2023-01-01T00:00+01:00;2022;Gjennomsnitt (enhet = dogn);7687;7687;7687;100;365;365;0;1;100;1;6863;823;324;324;80;94;93;1
57053V319651;Toskatjorn;EV134 S2D1 m4051;2022-01-01T00:00+01:00;2023-01-01T00:00+01:00;2022;Gjennomsnitt (enhet = dogn);7507;7507;7507;100;365;365;0;0;100;2;6677;830;339;318;76;98;96;2
57053V319651;Toskatjorn;EV134 S2D1 m4051;2022-01-01T00:00+01:00;2023-01-01T00:00+01:00;2022;Gjennomsnitt (enhet = dogn);7690;7690;7690;100;365;365;0;1;100;Totalt i retning AKSDAL XE39;6866;823;325;324;80;94;93;1
57053V319651;Toskatjorn;EV134 S2D1 m4051;2022-01-01T00:00+01:00;2023-01-01T00:00+01:00;2022;Gjennomsnitt (enhet = dogn);7504;7504;7504;100;365;365;0;1;100;Totalt i retning HAUGESUND XR47;6673;830;339;318;76;98;96;2
57053V319651;Toskatjorn;EV134 S2D1 m4051;2022-01-01T00:00+01:00;2023-01-01T00:00+01:00;2022;Gjennomsnitt (enhet = dogn);15194;15194;15194;100;365;365;0;1;100;Totalt;13539;1654;663;642;156;192;189;3
57053V319651;Toskatjorn;EV134 S2D1 m4051;2023-01-01T00:00+01:00;2024-01-01T00:00+01:00;2023;Gjennomsnitt (enhet = dogn);7856;7856;7856;100;365;365;0;0;100;1;7053;802;319;313;77;93;90;3
57053V319651;Toskatjorn;EV134 S2D1 m4051;2023-01-01T00:00+01:00;2024-01-01T00:00+01:00;2023;Gjennomsnitt (enhet = dogn);7663;7663;7663;100;365;365;0;0;100;2;6853;810;334;309;74;93;90;3
57053V319651;Toskatjorn;EV134 S2D1 m4051;2023-01-01T00:00+01:00;2024-01-01T00:00+01:00;2023;Gjennomsnitt (enhet = dogn);7858;7858;7858;100;365;365;0;1;100;Totalt i retning AKSDAL XE39;7055;802;319;313;77;93;90;3
57053V319651;Toskatjorn;EV134 S2D1 m4051;2023-01-01T00:00+01:00;2024-01-01T00:00+01:00;2023;Gjennomsnitt (enhet = dogn);7662;7662;7662;100;365;365;0;0;100;Totalt i retning HAUGESUND XR47;6851;810;334;309;74;93;90;3
57053V319651;Toskatjorn;EV134 S2D1 m4051;2023-01-01T00:00+01:00;2024-01-01T00:00+01:00;2023;Gjennomsnitt (enhet = dogn);15520;15520;15520;100;365;365;0;1;100;Totalt;13906;1613;654;622;151;186;180;6
77208V2370670;Karmoytunnelen Havik;FV553 S1D1 m7482;2014-01-01T00:00+01:00;2015-01-01T00:00+01:00;2014;Gjennomsnitt (enhet = dogn);164;-;-;-;-;-;-;-;-;1;157;7;3;2;1;1;-;-
77208V2370670;Karmoytunnelen Havik;FV553 S1D1 m7482;2014-01-01T00:00+01:00;2015-01-01T00:00+01:00;2014;Gjennomsnitt (enhet = dogn);1717;-;-;-;-;-;-;-;-;2;1526;191;59;68;24;39;-;-
77208V2370670;Karmoytunnelen Havik;FV553 S1D1 m7482;2014-01-01T00:00+01:00;2015-01-01T00:00+01:00;2014;Gjennomsnitt (enhet = dogn);1544;-;-;-;-;-;-;-;-;3;1374;170;55;61;22;32;-;-
77208V2370670;Karmoytunnelen Havik;FV553 S1D1 m7482;2014-01-01T00:00+01:00;2015-01-01T00:00+01:00;2014;Gjennomsnitt (enhet = dogn);1717;-;-;-;-;-;-;-;-;Totalt i retning Raglamyr/Mjasund;1526;191;59;68;24;39;-;-
77208V2370670;Karmoytunnelen Havik;FV553 S1D1 m7482;2014-01-01T00:00+01:00;2015-01-01T00:00+01:00;2014;Gjennomsnitt (enhet = dogn);1708;-;-;-;-;-;-;-;-;Totalt i retning Havik;1531;176;58;63;22;33;-;-
77208V2370670;Karmoytunnelen Havik;FV553 S1D1 m7482;2014-01-01T00:00+01:00;2015-01-01T00:00+01:00;2014;Gjennomsnitt (enhet = dogn);3425;-;-;-;-;-;-;-;-;Totalt;3058;367;118;132;47;72;-;-
77208V2370670;Karmoytunnelen Havik;FV553 S1D1 m7482;2015-01-01T00:00+01:00;2016-01-01T00:00+01:00;2015;Gjennomsnitt (enhet = dogn);191;-;-;-;-;-;-;-;-;1;183;8;4;3;1;1;-;-
77208V2370670;Karmoytunnelen Havik;FV553 S1D1 m7482;2015-01-01T00:00+01:00;2016-01-01T00:00+01:00;2015;Gjennomsnitt (enhet = dogn);1829;-;-;-;-;-;-;-;-;2;1601;228;64;79;31;53;-;-
77208V2370670;Karmoytunnelen Havik;FV553 S1D1 m7482;2015-01-01T00:00+01:00;2016-01-01T00:00+01:00;2015;Gjennomsnitt (enhet = dogn);1676;-;-;-;-;-;-;-;-;3;1465;211;63;74;28;46;-;-
77208V2370670;Karmoytunnelen Havik;FV553 S1D1 m7482;2015-01-01T00:00+01:00;2016-01-01T00:00+01:00;2015;Gjennomsnitt (enhet = dogn);1829;-;-;-;-;-;-;-;-;Totalt i retning Raglamyr/Mjasund;1601;228;64;79;31;53;-;-
77208V2370670;Karmoytunnelen Havik;FV553 S1D1 m7482;2015-01-01T00:00+01:00;2016-01-01T00:00+01:00;2015;Gjennomsnitt (enhet = dogn);1867;-;-;-;-;-;-;-;-;Totalt i retning Havik;1647;219;67;77;29;47;-;-
77208V2370670;Karmoytunnelen Havik;FV553 S1D1 m7482;2015-01-01T00:00+01:00;2016-01-01T00:00+01:00;2015;Gjennomsnitt (enhet = dogn);3696;-;-;-;-;-;-;-;-;Totalt;3249;447;131;157;60;100;-;-
77208V2370670;Karmoytunnelen Havik;FV553 S1D1 m7482;2016-01-01T00:00+01:00;2017-01-01T00:00+01:00;2016;Gjennomsnitt (enhet = dogn);242;-;-;-;-;-;-;-;-;1;232;10;5;3;1;1;-;-
77208V2370670;Karmoytunnelen Havik;FV553 S1D1 m7482;2016-01-01T00:00+01:00;2017-01-01T00:00+01:00;2016;Gjennomsnitt (enhet = dogn);2101;-;-;-;-;-;-;-;-;2;1860;241;77;85;29;50;-;-
77208V2370670;Karmoytunnelen Havik;FV553 S1D1 m7482;2016-01-01T00:00+01:00;2017-01-01T00:00+01:00;2016;Gjennomsnitt (enhet = dogn);1886;-;-;-;-;-;-;-;-;3;1664;222;73;80;24;44;-;-
77208V2370670;Karmoytunnelen Havik;FV553 S1D1 m7482;2016-01-01T00:00+01:00;2017-01-01T00:00+01:00;2016;Gjennomsnitt (enhet = dogn);2101;-;-;-;-;-;-;-;-;Totalt i retning Raglamyr/Mjasund;1860;241;77;85;29;50;-;-
77208V2370670;Karmoytunnelen Havik;FV553 S1D1 m7482;2016-01-01T00:00+01:00;2017-01-01T00:00+01:00;2016;Gjennomsnitt (enhet = dogn);2128;-;-;-;-;-;-;-;-;Totalt i retning Havik;1896;232;79;83;25;45;-;-
77208V2370670;Karmoytunnelen Havik;FV553 S1D1 m7482;2016-01-01T00:00+01:00;2017-01-01T00:00+01:00;2016;Gjennomsnitt (enhet = dogn);4229;-;-;-;-;-;-;-;-;Totalt;3756;473;155;168;54;96;-;-
77208V2370670;Karmoytunnelen Havik;FV553 S1D1 m7482;2017-01-01T00:00+01:00;2018-01-01T00:00+01:00;2017;Gjennomsnitt (enhet = dogn);207;-;-;-;-;-;-;-;-;1;198;9;5;3;1;1;-;-
77208V2370670;Karmoytunnelen Havik;FV553 S1D1 m7482;2017-01-01T00:00+01:00;2018-01-01T00:00+01:00;2017;Gjennomsnitt (enhet = dogn);2037;-;-;-;-;-;-;-;-;2;1804;233;75;83;27;48;-;-
77208V2370670;Karmoytunnelen Havik;FV553 S1D1 m7482;2017-01-01T00:00+01:00;2018-01-01T00:00+01:00;2017;Gjennomsnitt (enhet = dogn);1892;-;-;-;-;-;-;-;-;3;1676;217;73;77;22;45;-;-
77208V2370670;Karmoytunnelen Havik;FV553 S1D1 m7482;2017-01-01T00:00+01:00;2018-01-01T00:00+01:00;2017;Gjennomsnitt (enhet = dogn);2099;-;-;-;-;-;-;-;-;Totalt i retning Havik;1874;225;78;79;23;45;-;-
77208V2370670;Karmoytunnelen Havik;FV553 S1D1 m7482;2017-01-01T00:00+01:00;2018-01-01T00:00+01:00;2017;Gjennomsnitt (enhet = dogn);2037;-;-;-;-;-;-;-;-;Totalt i retning Raglamyr/Mjasund;1804;233;75;83;27;48;-;-
77208V2370670;Karmoytunnelen Havik;FV553 S1D1 m7482;2017-01-01T00:00+01:00;2018-01-01T00:00+01:00;2017;Gjennomsnitt (enhet = dogn);4137;-;-;-;-;-;-;-;-;Totalt;3679;458;153;163;49;94;-;-
77208V2370670;Karmoytunnelen Havik;FV553 S1D1 m7482;2018-01-01T00:00+01:00;2019-01-01T00:00+01:00;2018;Gjennomsnitt (enhet = dogn);235;234;236;99,7;365;364;1;0;100;1;222;13;8;3;0;1;1;0
77208V2370670;Karmoytunnelen Havik;FV553 S1D1 m7482;2018-01-01T00:00+01:00;2019-01-01T00:00+01:00;2018;Gjennomsnitt (enhet = dogn);2164;2160;2168;99,7;365;364;1;1;100;2;1850;313;124;99;29;62;62;0
77208V2370670;Karmoytunnelen Havik;FV553 S1D1 m7482;2018-01-01T00:00+01:00;2019-01-01T00:00+01:00;2018;Gjennomsnitt (enhet = dogn);2010;2006;2014;99,7;365;364;1;1;100;3;1743;267;95;92;24;55;55;0
77208V2370670;Karmoytunnelen Havik;FV553 S1D1 m7482;2018-01-01T00:00+01:00;2019-01-01T00:00+01:00;2018;Gjennomsnitt (enhet = dogn);2245;2240;2250;99,7;365;364;1;1;100;Totalt i retning Havik;1965;279;103;96;25;56;56;0
77208V2370670;Karmoytunnelen Havik;FV553 S1D1 m7482;2018-01-01T00:00+01:00;2019-01-01T00:00+01:00;2018;Gjennomsnitt (enhet = dogn);2164;2160;2168;99,7;365;364;1;1;100;Totalt i retning Raglamyr/Mjasund;1850;313;124;99;29;62;62;0
77208V2370670;Karmoytunnelen Havik;FV553 S1D1 m7482;2018-01-01T00:00+01:00;2019-01-01T00:00+01:00;2018;Gjennomsnitt (enhet = dogn);4408;4399;4417;99,7;365;364;1;0;100;Totalt;3815;592;227;195;53;117;117;0
77208V2370670;Karmoytunnelen Havik;FV553 S1D1 m7482;2019-01-01T00:00+01:00;2020-01-01T00:00+01:00;2019;Gjennomsnitt (enhet = dogn);201;201;201;100;365;365;0;0;100;1;191;10;6;3;0;1;1;0
77208V2370670;Karmoytunnelen Havik;FV553 S1D1 m7482;2019-01-01T00:00+01:00;2020-01-01T00:00+01:00;2019;Gjennomsnitt (enhet = dogn);2016;2016;2016;100;365;365;0;1;100;2;1723;292;114;94;26;58;58;0
77208V2370670;Karmoytunnelen Havik;FV553 S1D1 m7482;2019-01-01T00:00+01:00;2020-01-01T00:00+01:00;2019;Gjennomsnitt (enhet = dogn);1899;1899;1899;100;365;365;0;1;99,9;3;1653;245;83;89;21;52;52;0
77208V2370670;Karmoytunnelen Havik;FV553 S1D1 m7482;2019-01-01T00:00+01:00;2020-01-01T00:00+01:00;2019;Gjennomsnitt (enhet = dogn);2099;2099;2099;100;365;365;0;0;100;Totalt i retning Havik;1844;255;89;92;21;53;53;0
77208V2370670;Karmoytunnelen Havik;FV553 S1D1 m7482;2019-01-01T00:00+01:00;2020-01-01T00:00+01:00;2019;Gjennomsnitt (enhet = dogn);2016;2016;2016;100;365;365;0;1;100;Totalt i retning Raglamyr/Mjasund;1723;292;114;94;26;58;58;0
77208V2370670;Karmoytunnelen Havik;FV553 S1D1 m7482;2019-01-01T00:00+01:00;2020-01-01T00:00+01:00;2019;Gjennomsnitt (enhet = dogn);4115;4115;4115;100;365;365;0;1;100;Totalt;3567;547;204;186;47;111;111;0
77208V2370670;Karmoytunnelen Havik;FV553 S1D1 m7482;2020-01-01T00:00+01:00;2021-01-01T00:00+01:00;2020;Gjennomsnitt (enhet = dogn);193;193;193;100;366;366;0;0;100;1;184;9;5;3;0;1;1;0
77208V2370670;Karmoytunnelen Havik;FV553 S1D1 m7482;2020-01-01T00:00+01:00;2021-01-01T00:00+01:00;2020;Gjennomsnitt (enhet = dogn);1954;1954;1954;100;366;366;0;1;99,9;2;1647;306;111;104;23;68;68;0
77208V2370670;Karmoytunnelen Havik;FV553 S1D1 m7482;2020-01-01T00:00+01:00;2021-01-01T00:00+01:00;2020;Gjennomsnitt (enhet = dogn);1864;1864;1864;100;366;366;0;0;100;3;1598;266;82;98;21;65;65;0
77208V2370670;Karmoytunnelen Havik;FV553 S1D1 m7482;2020-01-01T00:00+01:00;2021-01-01T00:00+01:00;2020;Gjennomsnitt (enhet = dogn);2057;2057;2057;100;366;366;0;1;100;Totalt i retning Havik;1781;276;87;101;21;66;66;0
77208V2370670;Karmoytunnelen Havik;FV553 S1D1 m7482;2020-01-01T00:00+01:00;2021-01-01T00:00+01:00;2020;Gjennomsnitt (enhet = dogn);1954;1954;1954;100;366;366;0;0;100;Totalt i retning Raglamyr/Mjasund;1647;307;111;104;23;68;68;0
77208V2370670;Karmoytunnelen Havik;FV553 S1D1 m7482;2020-01-01T00:00+01:00;2021-01-01T00:00+01:00;2020;Gjennomsnitt (enhet = dogn);4011;4011;4011;100;366;366;0;1;100;Totalt;3428;582;199;205;45;134;134;0
77208V2370670;Karmoytunnelen Havik;FV553 S1D1 m7482;2021-01-01T00:00+01:00;2022-01-01T00:00+01:00;2021;Gjennomsnitt (enhet = dogn);206;206;206;100;365;365;0;0;100;1;196;10;5;3;0;1;1;0
77208V2370670;Karmoytunnelen Havik;FV553 S1D1 m7482;2021-01-01T00:00+01:00;2022-01-01T00:00+01:00;2021;Gjennomsnitt (enhet = dogn);2067;2067;2067;100;365;365;0;1;100;2;1744;321;118;108;25;71;71;0
77208V2370670;Karmoytunnelen Havik;FV553 S1D1 m7482;2021-01-01T00:00+01:00;2022-01-01T00:00+01:00;2021;Gjennomsnitt (enhet = dogn);1976;1976;1976;100;365;365;0;0;100;3;1694;282;85;104;23;69;69;0
77208V2370670;Karmoytunnelen Havik;FV553 S1D1 m7482;2021-01-01T00:00+01:00;2022-01-01T00:00+01:00;2021;Gjennomsnitt (enhet = dogn);2182;2182;2182;100;365;365;0;0;100;Totalt i retning Havik;1890;292;91;108;24;70;70;0
77208V2370670;Karmoytunnelen Havik;FV553 S1D1 m7482;2021-01-01T00:00+01:00;2022-01-01T00:00+01:00;2021;Gjennomsnitt (enhet = dogn);2067;2067;2067;100;365;365;0;1;100;Totalt i retning Raglamyr/Mjasund;1745;322;118;108;25;71;71;0
77208V2370670;Karmoytunnelen Havik;FV553 S1D1 m7482;2021-01-01T00:00+01:00;2022-01-01T00:00+01:00;2021;Gjennomsnitt (enhet = dogn);4249;4249;4249;100;365;365;0;1;100;Totalt;3635;614;208;216;49;141;141;0
77208V2370670;Karmoytunnelen Havik;FV553 S1D1 m7482;2022-01-01T00:00+01:00;2023-01-01T00:00+01:00;2022;Gjennomsnitt (enhet = dogn);229;229;229;100;365;365;0;0;100;1;218;11;6;4;1;1;1;0
77208V2370670;Karmoytunnelen Havik;FV553 S1D1 m7482;2022-01-01T00:00+01:00;2023-01-01T00:00+01:00;2022;Gjennomsnitt (enhet = dogn);2210;2210;2210;100;365;365;0;0;100;2;1866;343;128;115;27;73;73;0
77208V2370670;Karmoytunnelen Havik;FV553 S1D1 m7482;2022-01-01T00:00+01:00;2023-01-01T00:00+01:00;2022;Gjennomsnitt (enhet = dogn);2128;2128;2128;100;365;365;0;0;100;3;1828;300;92;112;25;70;70;0
77208V2370670;Karmoytunnelen Havik;FV553 S1D1 m7482;2022-01-01T00:00+01:00;2023-01-01T00:00+01:00;2022;Gjennomsnitt (enhet = dogn);2357;2357;2357;100;365;365;0;0;100;Totalt i retning Havik;2046;311;98;116;26;71;71;0
77208V2370670;Karmoytunnelen Havik;FV553 S1D1 m7482;2022-01-01T00:00+01:00;2023-01-01T00:00+01:00;2022;Gjennomsnitt (enhet = dogn);2210;2210;2210;100;365;365;0;0;100;Totalt i retning Raglamyr/Mjasund;1866;343;128;115;27;73;73;0
77208V2370670;Karmoytunnelen Havik;FV553 S1D1 m7482;2022-01-01T00:00+01:00;2023-01-01T00:00+01:00;2022;Gjennomsnitt (enhet = dogn);4568;4568;4568;100;365;365;0;1;100;Totalt;3913;654;226;231;53;145;144;1
77208V2370670;Karmoytunnelen Havik;FV553 S1D1 m7482;2023-01-01T00:00+01:00;2024-01-01T00:00+01:00;2023;Gjennomsnitt (enhet = dogn);257;256;258;99,2;365;362;3;0;100;1;245;12;6;4;1;1;1;0
77208V2370670;Karmoytunnelen Havik;FV553 S1D1 m7482;2023-01-01T00:00+01:00;2024-01-01T00:00+01:00;2023;Gjennomsnitt (enhet = dogn);2349;2344;2354;99,2;365;362;3;0;100;2;1988;360;140;118;30;72;72;0
77208V2370670;Karmoytunnelen Havik;FV553 S1D1 m7482;2023-01-01T00:00+01:00;2024-01-01T00:00+01:00;2023;Gjennomsnitt (enhet = dogn);2258;2253;2263;99,2;365;362;3;0;100;3;1945;312;101;112;30;69;69;0
77208V2370670;Karmoytunnelen Havik;FV553 S1D1 m7482;2023-01-01T00:00+01:00;2024-01-01T00:00+01:00;2023;Gjennomsnitt (enhet = dogn);2515;2509;2521;99,2;365;362;3;0;100;Totalt i retning Havik;2191;324;108;116;30;70;70;0
77208V2370670;Karmoytunnelen Havik;FV553 S1D1 m7482;2023-01-01T00:00+01:00;2024-01-01T00:00+01:00;2023;Gjennomsnitt (enhet = dogn);2349;2344;2354;99,2;365;362;3;0;100;Totalt i retning Raglamyr/Mjasund;1988;361;141;118;30;72;72;0
77208V2370670;Karmoytunnelen Havik;FV553 S1D1 m7482;2023-01-01T00:00+01:00;2024-01-01T00:00+01:00;2023;Gjennomsnitt (enhet = dogn);4864;4853;4875;99,2;365;362;3;0;100;Totalt;4179;685;248;233;60;143;142;1
